period,theta,mu,xi,n,a,s,psi,support,quota_wedge,signal_precision,natural_entry,quota_gap
0,0.2,0.0,3.0,1.5,0.0,0.375,0.02302413515220747,0.02302413515220747,0.0,1.2750937988318962,1.4757981955722759,0.0
1,0.1752451364811405,-0.06105963609490697,4.836941283632979,1.5,0.125,0.375,0.059016409998221775,0.059016409998221775,0.0,1.673560610966864,1.4372010787424032,0.0
2,-0.07449245689696596,0.12815842684785514,6.918199348501434,1.5,0.0,0.375,-0.08527962633412156,0.0,0.08527962633412156,1.2750937988318962,1.5864889337898034,0.08648893378980338
3,-0.10792766072491966,-0.03788476901536778,8.325262675627698,1.5,0.125,0.375,0.059016409998221775,0.059016409998221775,0.0,1.673560610966864,1.4372010787424032,0.0
4,-0.14983473121057825,0.10542292332277817,9.704110648190998,1.5,0.0,0.375,-0.04871677778968064,0.0,0.04871677778968064,1.2750937988318962,1.550000130435174,0.05000013043517404
5,-0.4064094063427516,-0.11328497490137224,10.402218026372816,1.5,0.125,0.375,0.09292972891075602,0.09292972891075602,0.0,1.673560610966864,1.3999508438947856,0.0
6,-0.6351943898041992,-0.19489537345479704,11.144747201530274,1.25,0.125,0.375,-0.07120580015585298,0.0,0.07120580015585298,1.4811247357338566,1.3263951120921016,0.07639511209210159
7,-0.43359118790340456,-0.22154955226084105,11.502929276191196,1.25,0.125,0.375,-0.07120580015585298,0.0,0.07120580015585298,1.4811247357338566,1.3263951120921016,0.07639511209210159
8,-0.2524884092425813,-0.34864521145826444,11.731252630181906,1.25,0.125,0.375,0.026170992260743042,0.026170992260743042,0.0,1.4811247357338566,1.220933091087737,0.0
9,-0.23635150308575342,-0.3426286651052378,11.874833410765724,1.25,0.125,0.375,0.026170992260743042,0.026170992260743042,0.0,1.4811247357338566,1.220933091087737,0.0
10,0.014762699434076015,-0.46272797983396696,11.964353892760872,1.25,0.125,0.375,0.08328945767223106,0.08328945767223106,0.0,1.4811247357338566,1.1555316729250422,0.0
11,-0.16053221183564037,-0.32560573058381637,12.01987082899402,1.25,0.125,0.375,0.026170992260743042,0.026170992260743042,0.0,1.4811247357338566,1.220933091087737,0.0
12,-0.10385734880477934,-0.21698224641907138,12.054186023422961,1.25,0.125,0.375,-0.07120580015585298,0.0,0.07120580015585298,1.4811247357338566,1.3263951120921016,0.07639511209210159
13,-0.0005361078538895225,-0.2121440925319992,12.07535283780055,1.25,0.125,0.375,-0.07120580015585298,0.0,0.07120580015585298,1.4811247357338566,1.3263951120921016,0.07639511209210159
14,-0.1611409530441455,-0.18700788875505092,12.088392734322793,1.25,0.125,0.375,-0.07120580015585298,0.0,0.07120580015585298,1.4811247357338566,1.3263951120921016,0.07639511209210159
15,-0.27704499294828583,-0.22717623577959747,12.096419741187137,1.25,0.125,0.375,-0.03724215197749825,0.0,0.03724215197749825,1.4811247357338566,1.2904348776129217,0.04043487761292175
16,-0.44524294395521596,-0.137257895852771,12.101358573921786,1.5,0.125,0.375,0.1258352723859858,0.1258352723859858,0.0,1.673560610966864,1.3629565903424594,0.0
17,-0.5177028523579931,-0.27069058707108984,12.22223210450338,1.25,0.125,0.375,-0.03724215197749825,0.0,0.03724215197749825,1.4811247357338566,1.2904348776129217,0.04043487761292175
18,-0.6306628110468291,-0.2591223254716042,12.178532313639732,1.25,0.125,0.375,-0.03724215197749825,0.0,0.03724215197749825,1.4811247357338566,1.2904348776129217,0.04043487761292175
19,-0.5350427500049503,-0.28766166241478885,12.151776837864595,1.25,0.125,0.375,-0.0047645374150449005,0.0,0.0047645374150449005,1.4811247357338566,1.2552330743671924,0.005233074367192447
20,-0.45038482425769516,-0.33490318650767575,12.135369326605378,1.25,0.125,0.375,0.026170992260743042,0.026170992260743042,0.0,1.4811247357338566,1.220933091087737,0.0
21,-0.5786657352433603,-0.17704891248502844,12.125297694277656,1.25,0.125,0.375,-0.07120580015585298,0.0,0.07120580015585298,1.4811247357338566,1.3263951120921016,0.07639511209210159
22,-0.3462364423172076,-0.17621867279167025,12.119111562748262,1.25,0.125,0.375,-0.07120580015585298,0.0,0.07120580015585298,1.4811247357338566,1.3263951120921016,0.07639511209210159
23,-0.2771118463489832,-0.2334945638706426,12.115310549144006,1.25,0.125,0.375,-0.03724215197749825,0.0,0.03724215197749825,1.4811247357338566,1.2904348776129217,0.04043487761292175
24,-0.15940682377542498,-0.23342888779202842,12.112974518106734,1.25,0.125,0.375,-0.03724215197749825,0.0,0.03724215197749825,1.4811247357338566,1.2904348776129217,0.04043487761292175
25,-0.2072093983320236,-0.27427213213964585,12.11153863667601,1.25,0.125,0.375,-0.03724215197749825,0.0,0.03724215197749825,1.4811247357338566,1.2904348776129217,0.04043487761292175
26,0.017937519758884773,-0.3147541501518965,12.110655971664691,1.25,0.125,0.375,-0.0047645374150449005,0.0,0.0047645374150449005,1.4811247357338566,1.2552330743671924,0.005233074367192447
27,-0.20788428612081658,-0.24388562444301778,12.110113351147678,1.25,0.125,0.375,-0.03724215197749825,0.0,0.03724215197749825,1.4811247357338566,1.2904348776129217,0.04043487761292175
28,-0.20571099622496453,-0.14032810894190434,12.109779762986932,1.5,0.125,0.375,0.1258352723859858,0.1258352723859858,0.0,1.673560610966864,1.3629565903424594,0.0
29,0.03883367517372324,-0.22112188079382838,12.227365191582118,1.25,0.125,0.375,-0.07120580015585298,0.0,0.07120580015585298,1.4811247357338566,1.3263951120921016,0.07639511209210159
30,0.12975922528877565,-0.18754094075958716,12.18167158769997,1.25,0.125,0.375,-0.07120580015585298,0.0,0.07120580015585298,1.4811247357338566,1.3263951120921016,0.07639511209210159
31,0.29194929417857535,-0.018716851008766428,12.153700653750583,1.5,0.0,0.375,0.02302413515220747,0.02302413515220747,0.0,1.2750937988318962,1.4757981955722759,0.0
32,0.31605969984624505,0.0705060717142416,12.009541240280013,1.5,0.0,0.375,-0.01255872496765964,0.0,0.01255872496765964,1.2750937988318962,1.513044562035311,0.013044562035311014
33,0.04231767753128124,0.03105709633452044,11.919958804044105,1.5,0.0,0.375,-0.01255872496765964,0.0,0.01255872496765964,1.2750937988318962,1.513044562035311,0.013044562035311014
34,-0.02793534655779012,0.04034746271082108,11.863991672684104,1.5,0.0,0.375,-0.01255872496765964,0.0,0.01255872496765964,1.2750937988318962,1.513044562035311,0.013044562035311014
35,-0.10018787632202905,0.0904347245356341,11.828908598869372,1.5,0.0,0.375,-0.04871677778968064,0.0,0.04871677778968064,1.2750937988318962,1.550000130435174,0.05000013043517404
36,-0.24805382942298795,0.16561616116333375,11.806870539070381,1.5,0.0,0.375,-0.08527962633412156,0.0,0.08527962633412156,1.2750937988318962,1.5864889337898034,0.08648893378980338
37,-0.26817607564362395,0.1439702567526009,11.793008689022802,1.5,0.0,0.375,-0.08527962633412156,0.0,0.08527962633412156,1.2750937988318962,1.5864889337898034,0.08648893378980338
38,-0.019369688286571846,0.1004539327297647,11.784282415762505,1.5,0.0,0.375,-0.04871677778968064,0.0,0.04871677778968064,1.2750937988318962,1.550000130435174,0.05000013043517404
39,-0.11504612052900241,0.043159563171233414,11.778786211441426,1.5,0.0,0.375,-0.01255872496765964,0.0,0.01255872496765964,1.2750937988318962,1.513044562035311,0.013044562035311014
40,0.000537138484961272,0.18657430071990544,11.775323314685197,1.5,0.0,0.375,-0.12206897012781037,0.0,0.12206897012781037,1.2750937988318962,1.6223437993991237,0.12234379939912365
41,0.042497175038800676,0.06186325353091928,11.773141056824205,1.5,0.0,0.375,-0.01255872496765964,0.0,0.01255872496765964,1.2750937988318962,1.513044562035311,0.013044562035311014
42,-0.06421078919985593,-0.06369524106725741,11.771765656227071,1.5,0.0,0.375,0.05787240876855748,0.05787240876855748,0.0,1.2750937988318962,1.438442519781927,0.0
43,-0.16765020402265293,0.0396957271101586,11.770898718236996,1.5,0.0,0.375,-0.01255872496765964,0.0,0.01255872496765964,1.2750937988318962,1.513044562035311,0.013044562035311014
44,-0.3236758730610435,0.07269976159989135,11.770352244427627,1.5,0.0,0.375,-0.01255872496765964,0.0,0.01255872496765964,1.2750937988318962,1.513044562035311,0.013044562035311014
45,-0.02537916529525225,0.041663434244523866,11.770007763764813,1.5,0.0,0.375,-0.01255872496765964,0.0,0.01255872496765964,1.2750937988318962,1.513044562035311,0.013044562035311014
46,-0.016362898362167283,0.04638915505098011,11.76979060904116,1.5,0.0,0.375,-0.01255872496765964,0.0,0.01255872496765964,1.2750937988318962,1.513044562035311,0.013044562035311014
47,-0.026874165126153624,-0.0019358156576094743,11.769653716638128,1.5,0.0,0.375,0.02302413515220747,0.02302413515220747,0.0,1.2750937988318962,1.4757981955722759,0.0
48,0.17606824870356008,-0.10418725419344073,11.76956742018122,1.5,0.125,0.375,0.09292972891075602,0.09292972891075602,0.0,1.673560610966864,1.3999508438947856,0.0
49,0.24524463245719602,-0.06489271986773869,12.018415993068096,1.5,0.0,0.375,0.05787240876855748,0.05787240876855748,0.0,1.2750937988318962,1.438442519781927,0.0
50,0.34824193238592704,-0.0009152402204081504,11.925490818902476,1.5,0.0,0.375,0.02302413515220747,0.02302413515220747,0.0,1.2750937988318962,1.4757981955722759,0.0
51,0.11509221711792716,-0.010337168284717481,11.867454515670362,1.5,0.0,0.375,0.02302413515220747,0.02302413515220747,0.0,1.2750937988318962,1.4757981955722759,0.0
52,0.06822417325806018,0.019516974639825855,11.831081913289408,1.5,0.0,0.375,0.02302413515220747,0.02302413515220747,0.0,1.2750937988318962,1.4757981955722759,0.0
53,-0.11362027451935437,0.0715588622429623,11.808236781631255,1.5,0.0,0.375,-0.01255872496765964,0.0,0.01255872496765964,1.2750937988318962,1.513044562035311,0.013044562035311014
54,-0.09593286126572684,0.03504793612002655,11.793868459992247,1.5,0.0,0.375,-0.01255872496765964,0.0,0.01255872496765964,1.2750937988318962,1.513044562035311,0.013044562035311014
55,0.07320763329641515,0.044573042698525106,11.784823818842225,1.5,0.0,0.375,-0.01255872496765964,0.0,0.01255872496765964,1.2750937988318962,1.513044562035311,0.013044562035311014
56,0.20540708936976587,0.171605824969793,11.779127276201738,1.5,0.0,0.375,-0.08527962633412156,0.0,0.08527962633412156,1.2750937988318962,1.5864889337898034,0.08648893378980338
57,0.14794647604828837,0.2133580393949825,11.77553822893939,1.5,0.0,0.375,-0.12206897012781037,0.0,0.12206897012781037,1.2750937988318962,1.6223437993991237,0.12234379939912365
58,0.38372804345250955,0.10647287620338755,11.773276502242664,1.5,0.0,0.375,-0.04871677778968064,0.0,0.04871677778968064,1.2750937988318962,1.550000130435174,0.05000013043517404
59,0.21482182662503366,0.04789378828820122,11.771851026759672,1.5,0.0,0.375,-0.01255872496765964,0.0,0.01255872496765964,1.2750937988318962,1.513044562035311,0.013044562035311014
60,0.027350315105070327,-0.018130240864399638,11.770952530314183,1.5,0.0,0.375,0.02302413515220747,0.02302413515220747,0.0,1.2750937988318962,1.4757981955722759,0.0
61,0.18813531226866442,-0.10575611274640448,11.770386165473223,1.5,0.125,0.375,0.09292972891075602,0.09292972891075602,0.0,1.673560610966864,1.3999508438947856,0.0
62,-0.05183465864545461,-0.04937859148045752,12.01892275013837,1.5,0.0,0.375,0.05787240876855748,0.05787240876855748,0.0,1.2750937988318962,1.438442519781927,0.0
63,-0.0844287780345099,-0.21112457051951733,11.925806634308554,1.25,0.125,0.375,-0.07120580015585298,0.0,0.07120580015585298,1.4811247357338566,1.3263951120921016,0.07639511209210159
64,0.14550873833728883,-0.2258874991391636,11.995993309819587,1.25,0.125,0.375,-0.03724215197749825,0.0,0.03724215197749825,1.4811247357338566,1.2904348776129217,0.04043487761292175
65,0.40997192408569566,-0.17716856022859237,12.039437931994364,1.25,0.125,0.375,-0.07120580015585298,0.0,0.07120580015585298,1.4811247357338566,1.3263951120921016,0.07639511209210159
66,0.3812808022291255,0.07561479445399405,12.066259764979748,1.5,0.0,0.375,-0.04871677778968064,0.0,0.04871677778968064,1.2750937988318962,1.550000130435174,0.05000013043517404
67,0.28788575583255943,0.13258094179868057,11.95527509425709,1.5,0.0,0.375,-0.08527962633412156,0.0,0.08527962633412156,1.2750937988318962,1.5864889337898034,0.08648893378980338
68,0.16460653028339645,0.04683106624554672,11.886083261092878,1.5,0.0,0.375,-0.01255872496765964,0.0,0.01255872496765964,1.2750937988318962,1.513044562035311,0.013044562035311014
69,0.391982396334401,0.08608489189337408,11.842767547943616,1.5,0.0,0.375,-0.04871677778968064,0.0,0.04871677778968064,1.2750937988318962,1.550000130435174,0.05000013043517404
70,0.31631884040097374,0.0768907338833849,11.815580546180602,1.5,0.0,0.375,-0.04871677778968064,0.0,0.04871677778968064,1.2750937988318962,1.550000130435174,0.05000013043517404
71,0.21668583716220333,0.061968663740317835,11.798488932853802,1.5,0.0,0.375,-0.01255872496765964,0.0,0.01255872496765964,1.2750937988318962,1.513044562035311,0.013044562035311014
72,0.10467748601177125,0.10160612420969835,11.787732991043006,1.5,0.0,0.375,-0.04871677778968064,0.0,0.04871677778968064,1.2750937988318962,1.550000130435174,0.05000013043517404
73,0.19156269154762626,0.09772064226577325,11.78095980562441,1.5,0.0,0.375,-0.04871677778968064,0.0,0.04871677778968064,1.2750937988318962,1.550000130435174,0.05000013043517404
74,0.03759082725139229,0.039669340780258563,11.776692898001539,1.5,0.0,0.375,-0.01255872496765964,0.0,0.01255872496765964,1.2750937988318962,1.513044562035311,0.013044562035311014
75,0.07928599150334573,0.06988745743884306,11.774004186352412,1.5,0.0,0.375,-0.01255872496765964,0.0,0.01255872496765964,1.2750937988318962,1.513044562035311,0.013044562035311014
76,-0.15242497269502514,0.005270468016449064,11.772309673071643,1.5,0.0,0.375,0.02302413515220747,0.02302413515220747,0.0,1.2750937988318962,1.4757981955722759,0.0
77,-0.3005573939277394,-0.16635966160225857,11.771241627733225,1.5,0.125,0.375,0.1258352723859858,0.1258352723859858,0.0,1.673560610966864,1.3629565903424594,0.0
78,-0.2558218110892751,-0.23398072151847413,12.01945221264941,1.25,0.125,0.375,-0.03724215197749825,0.0,0.03724215197749825,1.4811247357338566,1.2904348776129217,0.04043487761292175
79,-0.10938813334523373,-0.2152627755735114,12.053927601192683,1.25,0.125,0.375,-0.07120580015585298,0.0,0.07120580015585298,1.4811247357338566,1.3263951120921016,0.07639511209210159
80,-0.3700800250860503,-0.16850686710922283,12.075193557900533,1.5,0.125,0.375,0.1258352723859858,0.1258352723859858,0.0,1.673560610966864,1.3629565903424594,0.0
81,-0.12496531385598444,-0.19311977803597338,12.20627083349091,1.25,0.125,0.375,-0.07120580015585298,0.0,0.07120580015585298,1.4811247357338566,1.3263951120921016,0.07639511209210159
82,-0.1465780018129479,-0.16367522754119895,12.168766093121349,1.5,0.125,0.375,0.1258352723859858,0.1258352723859858,0.0,1.673560610966864,1.3629565903424594,0.0
83,0.14202560146210136,-0.13824524406171126,12.26326500089892,1.5,0.125,0.375,0.1258352723859858,0.1258352723859858,0.0,1.673560610966864,1.3629565903424594,0.0
84,0.18753472177012714,-0.03515989465832601,12.320578428637196,1.5,0.0,0.375,0.05787240876855748,0.05787240876855748,0.0,1.2750937988318962,1.438442519781927,0.0
85,0.22575413608099787,0.12656438670778275,12.112505508646118,1.5,0.0,0.375,-0.08527962633412156,0.0,0.08527962633412156,1.2750937988318962,1.5864889337898034,0.08648893378980338
86,0.09065128681920454,0.04957442458449502,11.98400247143622,1.5,0.0,0.375,-0.01255872496765964,0.0,0.01255872496765964,1.2750937988318962,1.513044562035311,0.013044562035311014
87,0.059695887887737026,0.02266658210279747,11.90402680028262,1.5,0.0,0.375,0.02302413515220747,0.02302413515220747,0.0,1.2750937988318962,1.4757981955722759,0.0
88,0.1346443291565488,-0.08108997797022766,11.854013880571356,1.5,0.125,0.375,0.09292972891075602,0.09292972891075602,0.0,1.673560610966864,1.3999508438947856,0.0
89,0.006679476234015269,-0.020912250018888804,12.07058373409542,1.5,0.0,0.375,0.02302413515220747,0.02302413515220747,0.0,1.2750937988318962,1.4757981955722759,0.0
