k,m,n,s,psi,support,quota,natural,period
0.2,0.2,1.4166666666666665,0.375,0.869976347276845,0.869976347276845,0.0,0.4312276641733349,0
0.4244703380139908,0.6571299961280301,1.5064083735289833,0.4094762188852701,0.8013940271846551,0.8013940271846551,0.0,0.6112747461012469,1
0.6445313124065999,1.0992580667045218,1.5907001532954903,0.4291090798445553,0.7195754365822655,0.7195754365822655,0.0,0.797349517924387,2
0.8611992649910899,1.5283468956035944,1.6666666666666665,0.4375,0.6264633504206429,0.6264633504206429,0.0,0.9834488566181852,3
1.0737836757270376,1.9448687842934271,1.7384025676680275,0.4375,0.5304694086830761,0.5304694086830761,0.0,1.1643346233465177,4
1.2811846861229876,2.349123089956283,1.7838269525512447,0.4375,0.41026295377762656,0.41026295377762656,0.0,1.3437203507427862,5
1.480548485844467,2.736866700530441,1.833333333333333,0.4375,0.2966875189373249,0.2966875189373249,0.0,1.5172370071092507,6
1.672476414578044,3.10864498015373,1.8635318394075184,0.4375,0.17006446439909872,0.17006446439909872,0.0,1.6836540575237944,7
1.8544919175119992,3.461378321146086,1.9166666666666667,0.43750000000000006,0.07253054824775629,0.07253054824775629,0.0,1.8402008086299975,8
2.0293594108058124,3.798417946938457,2.026003199491007,0.43749999999999994,0.035732990566652134,0.035732990566652134,0.0,1.988164815756115,9
2.203392536056111,4.127141336735113,2.12712733560175,0.43750000000000006,-0.003983433283810234,0.0,0.004238802117789486,2.1313661377195396,10
2.374364512199694,4.445192756831281,2.1909338329276338,0.39495663771275036,0.021856553876310247,0.021856553876310247,0.0,2.167019613973821,11
2.520004222771045,4.748237623366046,2.2828616315500536,0.3998224520232945,-0.011823703180079637,0.0,0.012972318097416391,2.29583394964747,12
2.6646920793731543,5.037878378446508,2.360288366405481,0.37499999999999994,0.024974821349593723,0.024974821349593723,0.0,2.3322489992545234,13
2.791366727058951,5.312268537586585,2.4338256488034244,0.375,0.005605485270234523,0.005605485270234523,0.0,2.4274973399737103,14
2.9131882201713215,5.571119660234265,2.513416512935176,0.375,-0.002199012891412222,0.0,0.0024992510142456403,2.5159157639494216,15
3.030484766660174,5.815571278131893,2.5960353194417385,0.375,-0.0018275453111087359,0.0,0.0020925364390018686,2.5981278558807404,16
3.1432992785839495,6.046403893430925,2.647426589800057,0.375,-0.023592293642558104,0.0,0.027145660281352235,2.6745722500814093,17
3.248434619931646,6.261216836587822,2.6905867038341267,0.37500000000000006,-0.04626745003190247,0.0,0.053469089154716265,2.744055792988843,18
3.3455740436001733,6.46024887699188,2.7974054771640318,0.375,-0.00809731317199347,0.0,0.009454226722236836,2.8068597038862686,19
3.441309955546642,6.650158412658829,2.8505458148111007,0.375,-0.01359918568043783,0.0,0.015967801180711838,2.8665136159918125,20
3.5302589200163883,6.826659299189308,2.8876078833401615,0.375,-0.028118606258846546,0.0,0.03315740006543555,2.920765283405597,21
3.6115277589100723,6.989377683244115,2.907672458441414,0.37155063972388774,-0.04065504144591858,0.0,0.04820552562529423,2.955877984066708,22
3.6822673801068904,7.137908199553516,2.875171005974554,0.3492914437165968,-0.02400975425875851,0.0,0.028952545350528602,2.9041235513250827,23
3.726712235050961,7.268159916084835,2.856950263222615,0.33827878099088404,-0.021949952229132208,0.0,0.026698019221399694,2.883648282444015,24
3.756733885991848,7.382985281500716,2.9430379755057032,0.3520747855642063,-0.02152280468672574,0.0,0.026042628729870287,2.9690806042355735,25
3.801071352786135,7.494019588945902,3.0740629751455004,0.3731781084033647,-0.0103963345564404,0.0,0.012504665290582917,3.0865676404360833,26
3.8651309768855855,7.604941078878794,2.9425446332329113,0.3369549437320599,-0.012698176655264959,0.0,0.015607039327640848,2.958151672560552,27
3.8843438347952834,7.692719760995108,2.8935486033985067,0.3207810159816443,0.0005442545095302176,0.0005442545095302176,0.0,2.892872020328766,28
3.885174259779754,7.765878994553816,2.868822608241564,0.3125,0.009392447468468346,0.009392447468468346,0.0,2.8570806216222424,29
3.8781981493577695,7.828193490330116,2.8659158955657373,0.3125,0.004124107326797466,0.004124107326797466,0.0,2.8607659127200726,30
3.872996356864177,7.8833628971870295,2.86374848202674,0.3125,-0.00039490287525323353,0.0,0.0004926877176090194,2.864241169744349,31
3.869225961586619,7.932244981544951,2.862177483994424,0.3125,-0.0042797135437140366,0.0,0.005335534816206966,2.867513018810631,32
3.866605205776823,7.975590528167547,2.8610855024070094,0.3125,-0.007626185213202685,0.0,0.009502001674734473,2.870587504081744,33
3.8649026932064565,8.01405696541783,2.8730365099669486,0.3148738227120484,-0.010489259544808727,0.0,0.013044778720042949,2.8860812886869915,34
3.8669909401336042,8.049556027244549,2.9051888956857415,0.3207392507431387,-0.01245557751121984,0.0,0.015435446586924861,2.9206243422726663,35
3.876764771307009,8.084502348620894,2.934743096427192,0.32551708282173847,-0.013500147666262396,0.0,0.016692868757844703,2.951435965185037,36
3.891747953442343,8.118663883905768,2.9571990358361733,0.3285570103565995,-0.014172762970783515,0.0,0.017510557581355002,2.9747095934175283,37
3.9090230974305546,8.151404998452431,2.9705886758809568,0.32971794724091735,-0.014887111629686034,0.0,0.0184007741607779,2.9889894500417347,38
3.9259204320060572,8.181987548183448,2.975677239667235,0.3293519486871334,-0.015778408439375946,0.0,0.01952624632842026,2.9952034859956553,39
3.940565915310629,8.20983222364972,2.9750437057191386,0.32808898268869563,-0.016787233820909853,0.0,0.020807054284757598,2.995850760003896,40
3.9520999407015784,8.234663691995033,2.9716443403706485,0.3265505059521858,-0.017816143311885524,0.0,0.022115579616081682,2.99375991998673,41
3.9605362627583065,8.256515549403188,2.965996338218784,0.32483241788802925,-0.018844194391202995,0.0,0.023424598558107412,2.9894209367768916,42
3.9660041329925333,8.275466734547098,2.9591615004259997,0.32312370843983335,-0.0198469111780617,0.0,0.02470095106506287,2.9838624514910626,43
3.968852507426272,8.291691547931173,2.9556010323838264,0.3222335914292899,-0.020774556459466798,0.0,0.025870578666585597,2.981471611050412,44
3.9704108957293864,8.305792142317152,2.9536530470049334,0.32174659508456677,-0.021626043799433115,0.0,0.026938432126345724,2.980591479131279,45
3.9713268104317465,8.318152806568742,2.9525081536269835,0.32146037174007924,-0.022396671073558583,0.0,0.02790201363904865,2.980410167266032,46
3.9719148274888036,8.329040529896066,2.9517731323056617,0.32127661640974886,-0.023087128947286928,0.0,0.028763927846140902,2.9805370601518026,47
3.9723283258113744,8.33865619333811,2.9512562594024483,0.3211473981839455,-0.023702027083420507,0.0,0.029530809977104777,2.980787069379553,48
3.972642880075797,8.347160596314373,2.95086306657192,0.32104909997631337,-0.024247784125895455,0.0,0.030211108269361464,2.9810741748412815,49
3.9728964950787233,8.354687969479677,2.9505460478182624,0.32096984528789896,-0.024731302831266566,0.0,0.03081364905090478,2.981359696869167,50
3.973108961118035,8.361353304203583,2.950280465269123,0.3209034496506141,-0.025159294408058752,0.0,0.03134690627784398,2.981627371546967,51
3.9732911585314143,8.367256606338097,2.950052718502399,0.320846512958933,-0.02553798151409281,0.0,0.03181868824352341,2.981871406745922,52
3.9734495359818265,8.3724855890276,2.9498547466893834,0.3207970200056792,-0.025872997033809186,0.0,0.03223604009092984,2.9820907867803133,53
3.9735882737208135,8.377117543175768,2.94968132451565,0.32075366446224585,-0.026169376812653633,0.0,0.03260524908302287,2.9822865735986728,54
3.973710336342113,8.381220748413414,2.9495287462390256,0.3207155198930898,-0.026431593878330162,0.0,0.032931894358702696,2.9824606405977283,55
3.9738179921284313,8.384855605806989,2.9493941765061273,0.3206818774598652,-0.026663608311380482,0.0,0.03322091258823123,2.9826150890943586,56
3.9739130753780567,8.388075585616646,2.9492753224440955,0.3206521639443573,-0.026868920558193343,0.0,0.033476666131666555,2.982751988575762,57
3.973997124117899,8.390928040568769,2.949170261519293,0.3206258987131566,-0.02705062274406944,0.0,0.03370300782340507,2.982873269342698,58
3.974071456713557,8.393454913959157,2.94907734577472,0.32060266977701346,-0.027211445817777014,0.0,0.03390334012895302,2.982980685903673,59
3.974137217924461,8.395693361212643,2.94907734577472,0.32060266977701346,-0.027211445817777014,0.0,0.03390334012895302,2.982980685903673,60
