period,hotspot_a,belief_a,n,a,test_intensity,s,psi,support,quota_wedge,signal_accuracy,natural_entry,quota_gap
0,1,0.5,1.0,0.5,1.0,0.375,0.388177731572517,0.388177731572517,0.0,0.7044462927531923,0.57158984389505,0.0
1,1,0.3282651140873185,1.0,0.15000000000000002,0.51,0.375,0.37060839234764176,0.37060839234764176,0.0,0.6339807835168263,0.5949616256184544,0.0
2,1,0.46507188566686886,1.0,0.45,0.9900000000000001,0.375,0.38764432600662674,0.38764432600662674,0.0,0.7031787448774502,0.5723063230360164,0.0
3,1,0.3055111167322879,1.0,0.0,0.0,0.375,0.3593367248462667,0.3593367248462667,0.0,0.5390844171540782,0.6097130842797758,0.0
4,1,0.3095880807671453,1.0,0.0,0.0,0.375,0.36116304062650934,0.36116304062650934,0.0,0.5390844171540782,0.6073356094787159,0.0
5,1,0.3689847639234566,1.0,0.30000000000000004,0.8400000000000001,0.375,0.38104276157061934,0.38104276157061934,0.0,0.6833611216184847,0.5811375867420083,0.0
6,1,0.5486449543946793,1.0,0.55,0.99,0.375,0.38746646246403815,0.38746646246403815,0.0,0.7031787448774502,0.5725451350008264,0.0
7,1,0.36484847011852484,1.0,0.30000000000000004,0.8400000000000001,0.375,0.3803265321115691,0.3803265321115691,0.0,0.6833611216184847,0.5820917321662376,0.0
8,1,0.5449519728080789,1.0,0.55,0.99,0.375,0.38746646246403815,0.38746646246403815,0.0,0.7031787448774502,0.5725451350008264,0.0
9,1,0.7010835876623467,1.0,1.0,0.0,0.375,0.3593367248462667,0.3593367248462667,0.0,0.5390844171540782,0.6097130842797758,0.0
10,1,0.6404960696389694,1.0,0.7000000000000001,0.8399999999999999,0.375,0.3803265321115691,0.3803265321115691,0.0,0.6833611216184847,0.5820917321662376,0.0
11,1,0.45985675254427577,1.0,0.45,0.9900000000000001,0.375,0.38764432600662674,0.38764432600662674,0.0,0.7031787448774502,0.5723063230360164,0.0
12,1,0.6415684925266835,1.0,0.7000000000000001,0.8399999999999999,0.375,0.3803265321115691,0.3803265321115691,0.0,0.6833611216184847,0.5820917321662376,0.0
13,1,0.7472665405870782,1.0,1.0,0.0,0.375,0.35199923234993297,0.35199923234993297,0.0,0.5390844171540782,0.619216164762131,0.0
14,1,0.7315825024563413,1.0,1.0,0.0,0.375,0.353838456928034,0.353838456928034,0.0,0.5390844171540782,0.6168414130072724,0.0
15,1,0.7194162327309339,1.0,1.0,0.0,0.375,0.35567444150586974,0.35567444150586974,0.0,0.5390844171540782,0.6144659838173967,0.0
16,1,0.656859479298019,1.0,0.75,0.75,0.375,0.37655813045363856,0.37655813045363856,0.0,0.6707147342675921,0.5870991332981195,0.0
17,1,0.7485404515343127,1.0,1.0,0.0,0.375,0.35199923234993297,0.35199923234993297,0.0,0.5390844171540782,0.619216164762131,0.0
18,1,0.7325681664282021,1.0,1.0,0.0,0.375,0.353838456928034,0.353838456928034,0.0,0.5390844171540782,0.6168414130072724,0.0
19,1,0.7201825177313902,1.0,1.0,0.0,0.375,0.35567444150586974,0.35567444150586974,0.0,0.5390844171540782,0.6144659838173967,0.0
20,1,0.7105369494745205,1.0,1.0,0.0,0.375,0.3575071946373417,0.3575071946373417,0.0,0.5390844171540782,0.612089874981983,0.0
21,1,0.7030002248324911,1.0,1.0,0.0,0.375,0.3593367248462667,0.3593367248462667,0.0,0.5390844171540782,0.6097130842797758,0.0
22,1,0.697095947590028,1.0,1.0,0.0,0.375,0.3593367248462667,0.3593367248462667,0.0,0.5390844171540782,0.6097130842797758,0.0
23,1,0.6924611021828135,1.0,1.0,0.0,0.375,0.36116304062650934,0.36116304062650934,0.0,0.5390844171540782,0.6073356094787159,0.0
24,1,0.688816938483558,1.0,1.0,0.0,0.375,0.36116304062650934,0.36116304062650934,0.0,0.5390844171540782,0.6073356094787159,0.0
25,1,0.6296010368379182,1.0,0.7000000000000001,0.8399999999999999,0.375,0.38104276157061934,0.38104276157061934,0.0,0.6833611216184847,0.5811375867420083,0.0
26,1,0.740068465304118,1.0,1.0,0.0,0.375,0.353838456928034,0.353838456928034,0.0,0.5390844171540782,0.6168414130072724,0.0
27,1,0.6754100453953512,1.0,0.8500000000000001,0.5099999999999998,0.375,0.37060839234764176,0.37060839234764176,0.0,0.6339807835168263,0.5949616256184544,0.0
28,1,0.7375564893760715,1.0,1.0,0.0,0.375,0.353838456928034,0.353838456928034,0.0,0.5390844171540782,0.6168414130072724,0.0
29,1,0.6731470538998103,1.0,0.8500000000000001,0.5099999999999998,0.375,0.37060839234764176,0.37060839234764176,0.0,0.6339807835168263,0.5949616256184544,0.0
30,1,0.7360806324788948,1.0,1.0,0.0,0.375,0.353838456928034,0.353838456928034,0.0,0.5390844171540782,0.6168414130072724,0.0
31,1,0.7229113631871459,1.0,1.0,0.0,0.375,0.35567444150586974,0.35567444150586974,0.0,0.5390844171540782,0.6144659838173967,0.0
32,1,0.712665192035132,1.0,1.0,0.0,0.375,0.3575071946373417,0.3575071946373417,0.0,0.5390844171540782,0.612089874981983,0.0
33,1,0.6508223283766273,1.0,0.75,0.75,0.375,0.37745662018732773,0.37745662018732773,0.0,0.6707147342675921,0.5859071780902871,0.0
34,1,0.7448717040344954,1.0,1.0,0.0,0.375,0.35199923234993297,0.35199923234993297,0.0,0.5390844171540782,0.619216164762131,0.0
35,1,0.6797423378204122,1.0,0.8500000000000001,0.5099999999999998,0.375,0.37060839234764176,0.37060839234764176,0.0,0.6339807835168263,0.5949616256184544,0.0
36,1,0.5425372357346192,1.0,0.55,0.99,0.375,0.38764432600662674,0.38764432600662674,0.0,0.7031787448774502,0.5723063230360164,0.0
37,1,0.36022916384936066,1.0,0.30000000000000004,0.8400000000000001,0.375,0.3803265321115691,0.3803265321115691,0.0,0.6833611216184847,0.5820917321662376,0.0
38,1,0.5407982362708992,1.0,0.55,0.99,0.375,0.38764432600662674,0.38764432600662674,0.0,0.7031787448774502,0.5723063230360164,0.0
39,1,0.6983634599256212,1.0,1.0,0.0,0.375,0.3593367248462667,0.3593367248462667,0.0,0.5390844171540782,0.6097130842797758,0.0
40,1,0.6380763764493222,1.0,0.7000000000000001,0.8399999999999999,0.375,0.3803265321115691,0.3803265321115691,0.0,0.6833611216184847,0.5820917321662376,0.0
41,1,0.7451779905615813,1.0,1.0,0.0,0.375,0.35199923234993297,0.35199923234993297,0.0,0.5390844171540782,0.619216164762131,0.0
42,1,0.6800188231431105,1.0,0.8500000000000001,0.5099999999999998,0.375,0.37060839234764176,0.37060839234764176,0.0,0.6339807835168263,0.5949616256184544,0.0
43,1,0.7405521041971607,1.0,1.0,0.0,0.375,0.353838456928034,0.353838456928034,0.0,0.5390844171540782,0.6168414130072724,0.0
44,1,0.7263810841056272,1.0,1.0,0.0,0.375,0.35567444150586974,0.35567444150586974,0.0,0.5390844171540782,0.6144659838173967,0.0
45,0,0.6631016769985297,1.0,0.75,0.75,0.375,0.37655813045363856,0.37655813045363856,0.0,0.6707147342675921,0.5870991332981195,0.0
46,0,0.49280352088163604,1.0,0.5,1.0,0.375,0.388177731572517,0.388177731572517,0.0,0.7044462927531923,0.57158984389505,0.0
47,0,0.32326021599297156,1.0,0.15000000000000002,0.51,0.375,0.37060839234764176,0.37060839234764176,0.0,0.6339807835168263,0.5949616256184544,0.0
48,1,0.261577819263697,1.0,0.0,0.0,0.375,0.353838456928034,0.353838456928034,0.0,0.5390844171540782,0.6168414130072724,0.0
49,1,0.3260732696595819,1.0,0.15000000000000002,0.51,0.375,0.37060839234764176,0.37060839234764176,0.0,0.6339807835168263,0.5949616256184544,0.0
50,1,0.4629962333080954,1.0,0.45,0.9900000000000001,0.375,0.38764432600662674,0.38764432600662674,0.0,0.7031787448774502,0.5723063230360164,0.0
51,1,0.6439150120188785,1.0,0.75,0.75,0.375,0.37745662018732773,0.37745662018732773,0.0,0.6707147342675921,0.5859071780902871,0.0
52,0,0.47503481323104607,1.0,0.45,0.9900000000000001,0.375,0.3878221587002199,0.3878221587002199,0.0,0.7031787448774502,0.5720675038650622,0.0
53,0,0.31217008768475746,1.0,0.0,0.0,0.375,0.36116304062650934,0.36116304062650934,0.0,0.5390844171540782,0.6073356094787159,0.0
54,0,0.3148294754395679,1.0,0.0,0.0,0.375,0.36116304062650934,0.36116304062650934,0.0,0.5390844171540782,0.6073356094787159,0.0
55,0,0.31692569059571696,1.0,0.0,0.0,0.375,0.36116304062650934,0.36116304062650934,0.0,0.5390844171540782,0.6073356094787159,0.0
56,0,0.31857918922846346,1.0,0.0,0.0,0.375,0.36116304062650934,0.36116304062650934,0.0,0.5390844171540782,0.6073356094787159,0.0
57,0,0.37694729704111085,1.0,0.30000000000000004,0.8400000000000001,0.375,0.38104276157061934,0.38104276157061934,0.0,0.6833611216184847,0.5811375867420083,0.0
58,0,0.26391922641983356,1.0,0.0,0.0,0.375,0.353838456928034,0.353838456928034,0.0,0.5390844171540782,0.6168414130072724,0.0
59,0,0.32818152991338423,1.0,0.15000000000000002,0.51,0.375,0.37060839234764176,0.37060839234764176,0.0,0.6339807835168263,0.5949616256184544,0.0
60,0,0.4649928308842102,1.0,0.45,0.9900000000000001,0.375,0.38764432600662674,0.38764432600662674,0.0,0.7031787448774502,0.5723063230360164,0.0
61,0,0.6454009030279423,1.0,0.75,0.75,0.375,0.37745662018732773,0.37745662018732773,0.0,0.6707147342675921,0.5859071780902871,0.0
62,0,0.476392425695044,1.0,0.45,0.9900000000000001,0.375,0.3878221587002199,0.3878221587002199,0.0,0.7031787448774502,0.5720675038650622,0.0
63,0,0.3130856730176479,1.0,0.0,0.0,0.375,0.36116304062650934,0.36116304062650934,0.0,0.5390844171540782,0.6073356094787159,0.0
64,0,0.31555097815018746,1.0,0.0,0.0,0.375,0.36116304062650934,0.36116304062650934,0.0,0.5390844171540782,0.6073356094787159,0.0
65,0,0.3174946944638795,1.0,0.0,0.0,0.375,0.36116304062650934,0.36116304062650934,0.0,0.5390844171540782,0.6073356094787159,0.0
66,0,0.3190282024257679,1.0,0.15000000000000002,0.51,0.375,0.37060839234764176,0.37060839234764176,0.0,0.6339807835168263,0.5949616256184544,0.0
67,0,0.2588301642188597,1.0,0.0,0.0,0.375,0.353838456928034,0.353838456928034,0.0,0.5390844171540782,0.6168414130072724,0.0
68,0,0.3235971683608762,1.0,0.15000000000000002,0.51,0.375,0.37060839234764176,0.37060839234764176,0.0,0.6339807835168263,0.5949616256184544,0.0
69,0,0.2617970766100763,1.0,0.0,0.0,0.375,0.353838456928034,0.353838456928034,0.0,0.5390844171540782,0.6168414130072724,0.0
70,0,0.2754412229436234,1.0,0.0,0.0,0.375,0.3556744415058698,0.3556744415058698,0.0,0.5390844171540782,0.6144659838173967,0.0
71,0,0.28605082946721,1.0,0.0,0.0,0.375,0.3575071946373418,0.3575071946373418,0.0,0.5390844171540782,0.6120898749819828,0.0
72,0,0.34803048295787414,1.0,0.25,0.75,0.375,0.37745662018732795,0.37745662018732795,0.0,0.6707147342675921,0.5859071780902869,0.0
73,0,0.2544290459435342,1.0,0.0,0.0,0.375,0.35199923234993297,0.35199923234993297,0.0,0.5390844171540782,0.619216164762131,0.0
74,0,0.26973001138403185,1.0,0.0,0.0,0.375,0.3556744415058698,0.3556744415058698,0.0,0.5390844171540782,0.6144659838173967,0.0
75,0,0.33340678537407586,1.0,0.25,0.75,0.375,0.3765581304536387,0.3765581304536387,0.0,0.6707147342675921,0.5870991332981195,0.0
76,0,0.24560159982731072,1.0,0.0,0.0,0.375,0.35199923234993297,0.35199923234993297,0.0,0.5390844171540782,0.619216164762131,0.0
77,0,0.26290421934816,1.0,0.0,0.0,0.375,0.353838456928034,0.353838456928034,0.0,0.5390844171540782,0.6168414130072724,0.0
78,0,0.2763005034368925,1.0,0.0,0.0,0.375,0.3556744415058698,0.3556744415058698,0.0,0.5390844171540782,0.6144659838173967,0.0
79,0,0.33930334414757884,1.0,0.25,0.75,0.375,0.3765581304536387,0.3765581304536387,0.0,0.6707147342675921,0.5870991332981195,0.0
80,0,0.24914188307222457,1.0,0.0,0.0,0.375,0.35199923234993297,0.35199923234993297,0.0,0.5390844171540782,0.619216164762131,0.0
81,0,0.3148487233002966,1.0,0.0,0.0,0.375,0.36116304062650934,0.36116304062650934,0.0,0.5390844171540782,0.6073356094787159,0.0
82,1,0.31694086855479303,1.0,0.0,0.0,0.375,0.36116304062650934,0.36116304062650934,0.0,0.5390844171540782,0.6073356094787159,0.0
83,1,0.3754981158635604,1.0,0.30000000000000004,0.8400000000000001,0.375,0.38104276157061934,0.38104276157061934,0.0,0.6833611216184847,0.5811375867420083,0.0
84,1,0.5544102428025584,1.0,0.55,0.99,0.375,0.38746646246403815,0.38746646246403815,0.0,0.7031787448774502,0.5725451350008264,0.0
85,0,0.7072118381554398,1.0,1.0,0.0,0.375,0.3575071946373417,0.3575071946373417,0.0,0.5390844171540782,0.612089874981983,0.0
86,0,0.7003969907994353,1.0,1.0,0.0,0.375,0.3593367248462667,0.3593367248462667,0.0,0.5390844171540782,0.6097130842797758,0.0
87,0,0.6398851060482429,1.0,0.7000000000000001,0.8399999999999999,0.375,0.3803265321115691,0.3803265321115691,0.0,0.6833611216184847,0.5820917321662376,0.0
88,0,0.7462609592497959,1.0,1.0,0.0,0.375,0.35199923234993297,0.35199923234993297,0.0,0.5390844171540782,0.619216164762131,0.0
89,0,0.6809966414855522,1.0,0.8500000000000001,0.5099999999999998,0.375,0.37060839234764176,0.37060839234764176,0.0,0.6339807835168263,0.5949616256184544,0.0
90,0,0.5437356957493302,1.0,0.55,0.99,0.375,0.38764432600662674,0.38764432600662674,0.0,0.7031787448774502,0.5723063230360164,0.0
91,0,0.36113181706924635,1.0,0.30000000000000004,0.8400000000000001,0.375,0.3803265321115691,0.3803265321115691,0.0,0.6833611216184847,0.5820917321662376,0.0
92,0,0.2543475979620053,1.0,0.0,0.0,0.375,0.35199923234993297,0.35199923234993297,0.0,0.5390844171540782,0.619216164762131,0.0
93,0,0.3195528705250809,1.0,0.15000000000000002,0.51,0.375,0.37060839234764176,0.37060839234764176,0.0,0.6339807835168263,0.5949616256184544,0.0
94,0,0.4567895706372421,1.0,0.45,0.9900000000000001,0.375,0.38764432600662674,0.38764432600662674,0.0,0.7031787448774502,0.5723063230360164,0.0
95,0,0.30005472447973647,1.0,0.0,0.0,0.375,0.3593367248462667,0.3593367248462667,0.0,0.5390844171540782,0.6097130842797758,0.0
96,1,0.36051677590765335,1.0,0.30000000000000004,0.8400000000000001,0.375,0.3803265321115691,0.3803265321115691,0.0,0.6833611216184847,0.5820917321662376,0.0
97,1,0.5410577758440979,1.0,0.55,0.99,0.375,0.38764432600662674,0.38764432600662674,0.0,0.7031787448774502,0.5723063230360164,0.0
98,0,0.698533943290642,1.0,1.0,0.0,0.375,0.3593367248462667,0.3593367248462667,0.0,0.5390844171540782,0.6097130842797758,0.0
99,0,0.6382279677635277,1.0,0.7000000000000001,0.8399999999999999,0.375,0.3803265321115691,0.3803265321115691,0.0,0.6833611216184847,0.5820917321662376,0.0
